Dimension,Baseline_2022,Outturn_2026,Category,Status
Headline Inflation (CPI YoY),10.84,3.65,Stabilization,Positive (Disinflation)
Current Account Deficit (% GDP),-6.2,-2.4,External Balance,Positive (External Rebalance)
National Unemployment Rate,10.6,9.1,Social / Labor,Positive (Job Resilience)
Monetary Poverty Rate,36.6,29.8,Social / Labor,Positive (Poverty Reduction)
"Fuel Subsidy Deficit (FEPC, % GDP)",-2.5,0.0,Fiscal Correction,Positive (Deficit Eliminated)
Fixed Capital Investment (% GDP),18.8,15.2,Capital Formation,Negative (Investment Slump)
Central Govt Fiscal Deficit (% GDP),-5.3,-4.9,Fiscal Health,Negative (Persistent Deficit)
Debt Interest vs Public Inv (Ratio),0.84,1.36,Fiscal Quality,Negative (Capital Crowded Out)
Oil & Mining FDI (USD Billions),11.3,4.5,Energy / Investment,Negative (Extractive Contraction)
